{"lost":{"VehicleSpawner":{"colours":{"secondary":{"b":0,"g":0,"r":0},"primary":{"b":0,"g":0,"r":0}},"vehicles":{"burrito3":"Burrito","hexer":"Hexer","nightblade":"Nightblade"},"coords":{"z":74.00828552246094,"x":975.81640625,"h":57.54240798950195,"y":-132.17294311523438},"label":"Car Spawn"},"Stash":{"label":"lost Stash","coords":{"z":74.84542083740235,"x":987.299560546875,"h":217.8155212402344,"y":-92.63550567626952}}},"ballas":{"VehicleSpawner":{"colours":{"secondary":{"b":11,"g":18,"r":108},"primary":{"b":184,"g":11,"r":108}},"vehicles":{"rumpo3":"RumpoXL","manchez":"Manchez","buffalo2":"Buffalo Sport","chino2":"Lowrider"},"coords":{"z":20.75,"h":324.12,"x":89.04,"y":-1967.09},"label":"Car Spawn"},"Stash":{"label":"Ballas Stash","coords":{"z":21.3276,"x":113.3059,"y":-1970.89}}},"families":{"VehicleSpawner":{"colours":{"secondary":{"b":0,"g":0,"r":0},"primary":{"b":0,"g":50,"r":0}},"vehicles":{"rumpo3":"RumpoXL","manchez":"Manchez","buffalo2":"Buffalo Sport","chino2":"Lowrider"},"coords":{"z":31.65,"h":322.23,"x":-108.24,"y":-1597.97},"label":"Car Spawn"},"Stash":{"label":"Families Stash","coords":{"z":35.03,"h":66.89,"x":-136.91,"y":-1609.84}}},"pobres":{"VehicleSpawner":{"coords":{"z":29.20260238647461,"x":477.72210693359377,"h":116.14173126220703,"y":-1090.121826171875},"vehicles":[],"colours":{"secondary":{"r":255,"g":255,"b":255},"primary":{"r":255,"g":255,"b":255}},"label":"Car Spawn"},"Stash":{"label":"pobres Stash","coords":{"z":29.20249557495117,"x":479.63250732421877,"h":185.9116668701172,"y":-1080.8140869140626}}},"marabunta":{"VehicleSpawner":{"colours":{"secondary":{"r":24,"g":56,"b":170},"primary":{"r":24,"g":56,"b":170}},"vehicles":{"burrito3":"Burrito","buffalo":"Buffalo","kuruma":"Kuruma","primo2":"Primo Custom"},"coords":{"z":60.96406173706055,"h":161.4316864013672,"x":1422.27294921875,"y":-1505.5174560546876},"label":"Car Spawn"},"Stash":{"label":"marabunta Stash","coords":{"z":66.61924743652344,"h":247.366943359375,"x":1438.90771484375,"y":-1490.4158935546876}}},"vagos":{"VehicleSpawner":{"colours":{"secondary":{"r":108,"g":18,"b":11},"primary":{"r":108,"g":11,"b":184}},"vehicles":{"rumpo3":"RumpoXL","manchez":"Manchez","buffalo2":"Buffalo Sport","chino2":"Lowrider"},"coords":{"z":21.05029678344726,"x":327.4929809570313,"h":136.97149658203126,"y":-2027.5455322265626},"label":"Car Spawn"},"Stash":{"label":"vagos Stash","coords":{"z":22.39494895935058,"x":337.393798828125,"h":319.5579528808594,"y":-2012.9971923828128}}}}